"","X1","X2","muhat","Vhat"
"1",0.10536,0,0.110008,4e-06
"2",0.10536,0.1,0.117579,5e-06
"3",0.10536,0.2,0.12535,6e-06
"4",0.10536,0.3,0.133442,8e-06
"5",0.10536,0.4,0.141786,1.1e-05
"6",0.10536,0.5,0.150461,1.4e-05
"7",0.10536,0.6,0.159395,1.7e-05
"8",0.10536,0.7,0.168712,2.1e-05
"9",0.10536,0.8,0.177709,2.6e-05
"10",0.10536,0.9,0.188201,3.2e-05
"11",0.10536,1,0.197665,3.9e-05
"12",0.10536,1.1,0.207594,4.7e-05
"13",0.10536,1.2,0.219711,5.6e-05
"14",0.10536,1.3,0.22865,6.6e-05
"15",0.10536,1.4,0.24018,7.8e-05
"16",0.10536,1.5,0.253348,9.1e-05
"17",0.10536,1.6,0.263082,0.000106
"18",0.10536,1.7,0.277189,0.000122
"19",0.10536,1.8,0.288386,0.000141
"20",0.10536,1.9,0.300077,0.000161
"21",0.10536,2,0.314799,0.000183
"22",0.10536,2.1,0.324921,0.000206
"23",0.10536,2.2,0.340579,0.000232
"24",0.10536,2.3,0.353533,0.000258
"25",0.10536,2.4,0.365222,0.000286
"26",0.10536,2.5,0.380181,0.000316
"27",0.10536,2.6,0.391722,0.000347
"28",0.10536,2.7,0.408966,0.000378
"29",0.10536,2.8,0.420841,0.000412
"30",0.10536,2.9,0.434512,0.000444
"31",0.10536,3,0.447359,0.000476
"32",0.10536,3.1,0.460949,0.000508
"33",0.10536,3.2,0.478312,0.00054
"34",0.10536,3.3,0.489424,0.000571
"35",0.10536,3.4,0.5031,0.000602
"36",0.10536,3.5,0.514206,0.000631
"37",0.10536,3.6,0.530769,0.000658
"38",0.10536,3.7,0.544144,0.000685
"39",0.10536,3.8,0.556627,0.000708
"40",0.10536,3.9,0.570338,0.000729
"41",0.10536,4,0.578139,0.000742
"42",0.22314,0,0.109641,4e-06
"43",0.22314,0.1,0.117146,5e-06
"44",0.22314,0.2,0.124963,7e-06
"45",0.22314,0.3,0.132913,9e-06
"46",0.22314,0.4,0.141175,1.1e-05
"47",0.22314,0.5,0.149773,1.4e-05
"48",0.22314,0.6,0.158613,1.8e-05
"49",0.22314,0.7,0.167537,2.2e-05
"50",0.22314,0.8,0.176632,2.7e-05
"51",0.22314,0.9,0.186575,3.3e-05
"52",0.22314,1,0.195962,3.9e-05
"53",0.22314,1.1,0.205865,4.7e-05
"54",0.22314,1.2,0.2179,5.6e-05
"55",0.22314,1.3,0.227168,6.6e-05
"56",0.22314,1.4,0.238231,7.8e-05
"57",0.22314,1.5,0.25068,9.1e-05
"58",0.22314,1.6,0.260446,0.000106
"59",0.22314,1.7,0.27431,0.000122
"60",0.22314,1.8,0.285165,0.000141
"61",0.22314,1.9,0.296845,0.000161
"62",0.22314,2,0.310943,0.000183
"63",0.22314,2.1,0.321297,0.000206
"64",0.22314,2.2,0.336317,0.000232
"65",0.22314,2.3,0.348887,0.000258
"66",0.22314,2.4,0.36126,0.000286
"67",0.22314,2.5,0.375058,0.000316
"68",0.22314,2.6,0.38643,0.000346
"69",0.22314,2.7,0.402936,0.000378
"70",0.22314,2.8,0.414599,0.00041
"71",0.22314,2.9,0.428675,0.000442
"72",0.22314,3,0.440848,0.000474
"73",0.22314,3.1,0.453773,0.000506
"74",0.22314,3.2,0.470883,0.000539
"75",0.22314,3.3,0.482007,0.000571
"76",0.22314,3.4,0.494469,0.000603
"77",0.22314,3.5,0.505034,0.000633
"78",0.22314,3.6,0.521855,0.000662
"79",0.22314,3.7,0.534854,0.00069
"80",0.22314,3.8,0.547314,0.000718
"81",0.22314,3.9,0.559133,0.000744
"82",0.22314,4,0.56669,0.000758
"83",0.35667,0,0.108858,4e-06
"84",0.35667,0.1,0.116268,5e-06
"85",0.35667,0.2,0.123874,7e-06
"86",0.35667,0.3,0.131595,9e-06
"87",0.35667,0.4,0.139766,1.1e-05
"88",0.35667,0.5,0.148052,1.5e-05
"89",0.35667,0.6,0.156588,1.8e-05
"90",0.35667,0.7,0.165194,2.3e-05
"91",0.35667,0.8,0.1742,2.8e-05
"92",0.35667,0.9,0.184162,3.4e-05
"93",0.35667,1,0.192967,4.1e-05
"94",0.35667,1.1,0.202829,5e-05
"95",0.35667,1.2,0.213974,5.9e-05
"96",0.35667,1.3,0.223139,7e-05
"97",0.35667,1.4,0.23407,8.2e-05
"98",0.35667,1.5,0.245721,9.6e-05
"99",0.35667,1.6,0.254929,0.000112
"100",0.35667,1.7,0.267979,0.000129
"101",0.35667,1.8,0.278046,0.000148
"102",0.35667,1.9,0.289089,0.000169
"103",0.35667,2,0.302615,0.000191
"104",0.35667,2.1,0.311898,0.000216
"105",0.35667,2.2,0.32677,0.000242
"106",0.35667,2.3,0.337719,0.000268
"107",0.35667,2.4,0.350238,0.000298
"108",0.35667,2.5,0.363319,0.000329
"109",0.35667,2.6,0.374413,0.000359
"110",0.35667,2.7,0.389949,0.000392
"111",0.35667,2.8,0.401156,0.000426
"112",0.35667,2.9,0.414232,0.000459
"113",0.35667,3,0.425652,0.000492
"114",0.35667,3.1,0.43796,0.000525
"115",0.35667,3.2,0.454053,0.000558
"116",0.35667,3.3,0.465156,0.000591
"117",0.35667,3.4,0.476765,0.000623
"118",0.35667,3.5,0.487522,0.000658
"119",0.35667,3.6,0.503415,0.000687
"120",0.35667,3.7,0.516022,0.00072
"121",0.35667,3.8,0.527672,0.000751
"122",0.35667,3.9,0.540451,0.000777
"123",0.35667,4,0.546543,0.000786
"124",0.40228,0,0.108615,4e-06
"125",0.40228,0.1,0.115864,5e-06
"126",0.40228,0.2,0.123477,7e-06
"127",0.40228,0.3,0.131184,9e-06
"128",0.40228,0.4,0.139201,1.2e-05
"129",0.40228,0.5,0.147372,1.5e-05
"130",0.40228,0.6,0.155991,1.8e-05
"131",0.40228,0.7,0.164689,2.3e-05
"132",0.40228,0.8,0.173568,2.8e-05
"133",0.40228,0.9,0.183518,3.4e-05
"134",0.40228,1,0.192445,4.1e-05
"135",0.40228,1.1,0.201966,5e-05
"136",0.40228,1.2,0.213342,5.9e-05
"137",0.40228,1.3,0.222508,7.1e-05
"138",0.40228,1.4,0.233213,8.3e-05
"139",0.40228,1.5,0.245,9.7e-05
"140",0.40228,1.6,0.254003,0.000113
"141",0.40228,1.7,0.2672,0.00013
"142",0.40228,1.8,0.277381,0.000149
"143",0.40228,1.9,0.288417,0.00017
"144",0.40228,2,0.302142,0.000193
"145",0.40228,2.1,0.31136,0.000218
"146",0.40228,2.2,0.326181,0.000244
"147",0.40228,2.3,0.337349,0.000271
"148",0.40228,2.4,0.349927,0.000301
"149",0.40228,2.5,0.362782,0.000332
"150",0.40228,2.6,0.373538,0.000363
"151",0.40228,2.7,0.389351,0.000396
"152",0.40228,2.8,0.400921,0.000429
"153",0.40228,2.9,0.413671,0.000462
"154",0.40228,3,0.425165,0.000496
"155",0.40228,3.1,0.437387,0.000528
"156",0.40228,3.2,0.453363,0.00056
"157",0.40228,3.3,0.464531,0.000593
"158",0.40228,3.4,0.476256,0.000625
"159",0.40228,3.5,0.486888,0.000659
"160",0.40228,3.6,0.502913,0.000688
"161",0.40228,3.7,0.51535,0.000721
"162",0.40228,3.8,0.527094,0.000752
"163",0.40228,3.9,0.539801,0.000778
"164",0.40228,4,0.54606,0.000787
"165",0.62542,0,0.10747,4e-06
"166",0.62542,0.1,0.114511,6e-06
"167",0.62542,0.2,0.121853,7e-06
"168",0.62542,0.3,0.12947,1e-05
"169",0.62542,0.4,0.137249,1.3e-05
"170",0.62542,0.5,0.145423,1.6e-05
"171",0.62542,0.6,0.15376,2e-05
"172",0.62542,0.7,0.162158,2.5e-05
"173",0.62542,0.8,0.17073,3.1e-05
"174",0.62542,0.9,0.180366,3.8e-05
"175",0.62542,1,0.189295,4.5e-05
"176",0.62542,1.1,0.198315,5.4e-05
"177",0.62542,1.2,0.209064,6.4e-05
"178",0.62542,1.3,0.217927,7.6e-05
"179",0.62542,1.4,0.22818,8.9e-05
"180",0.62542,1.5,0.239349,0.000103
"181",0.62542,1.6,0.248694,0.00012
"182",0.62542,1.7,0.260589,0.000138
"183",0.62542,1.8,0.271209,0.000159
"184",0.62542,1.9,0.28199,0.000182
"185",0.62542,2,0.294519,0.000206
"186",0.62542,2.1,0.304384,0.000232
"187",0.62542,2.2,0.317626,0.000262
"188",0.62542,2.3,0.328882,0.000291
"189",0.62542,2.4,0.340528,0.000323
"190",0.62542,2.5,0.352942,0.000356
"191",0.62542,2.6,0.363618,0.00039
"192",0.62542,2.7,0.37824,0.000427
"193",0.62542,2.8,0.389616,0.000464
"194",0.62542,2.9,0.402756,0.000499
"195",0.62542,3,0.41346,0.000537
"196",0.62542,3.1,0.425349,0.000578
"197",0.62542,3.2,0.440195,0.000615
"198",0.62542,3.3,0.451517,0.000654
"199",0.62542,3.4,0.46379,0.000693
"200",0.62542,3.5,0.473934,0.000726
"201",0.62542,3.6,0.488536,0.000762
"202",0.62542,3.7,0.501461,0.000798
"203",0.62542,3.8,0.512125,0.000833
"204",0.62542,3.9,0.525542,0.000867
"205",0.62542,4,0.532412,0.000884
"206",0.91311,0,0.106289,5e-06
"207",0.91311,0.1,0.113135,7e-06
"208",0.91311,0.2,0.120332,9e-06
"209",0.91311,0.3,0.127703,1.2e-05
"210",0.91311,0.4,0.135303,1.5e-05
"211",0.91311,0.5,0.142992,1.9e-05
"212",0.91311,0.6,0.151082,2.3e-05
"213",0.91311,0.7,0.159224,2.9e-05
"214",0.91311,0.8,0.167619,3.6e-05
"215",0.91311,0.9,0.176778,4.4e-05
"216",0.91311,1,0.185243,5.2e-05
"217",0.91311,1.1,0.194207,6.3e-05
"218",0.91311,1.2,0.204538,7.5e-05
"219",0.91311,1.3,0.213251,8.9e-05
"220",0.91311,1.4,0.223085,0.000104
"221",0.91311,1.5,0.233648,0.000121
"222",0.91311,1.6,0.242894,0.000141
"223",0.91311,1.7,0.254386,0.000163
"224",0.91311,1.8,0.264087,0.000188
"225",0.91311,1.9,0.274813,0.000214
"226",0.91311,2,0.286611,0.000243
"227",0.91311,2.1,0.295884,0.000273
"228",0.91311,2.2,0.309281,0.000306
"229",0.91311,2.3,0.320103,0.000342
"230",0.91311,2.4,0.331094,0.000379
"231",0.91311,2.5,0.342608,0.000419
"232",0.91311,2.6,0.353933,0.00046
"233",0.91311,2.7,0.366888,0.000502
"234",0.91311,2.8,0.377842,0.000546
"235",0.91311,2.9,0.389508,0.000591
"236",0.91311,3,0.400757,0.000636
"237",0.91311,3.1,0.412892,0.000684
"238",0.91311,3.2,0.427039,0.000727
"239",0.91311,3.3,0.437326,0.000773
"240",0.91311,3.4,0.449029,0.000822
"241",0.91311,3.5,0.459908,0.000868
"242",0.91311,3.6,0.473398,0.000913
"243",0.91311,3.7,0.485695,0.000957
"244",0.91311,3.8,0.495669,0.000997
"245",0.91311,3.9,0.508307,0.001029
"246",0.91311,4,0.515796,0.001048
"247",1.3186,0,0.104851,7e-06
"248",1.3186,0.1,0.111564,9e-06
"249",1.3186,0.2,0.118494,1.2e-05
"250",1.3186,0.3,0.125615,1.6e-05
"251",1.3186,0.4,0.133016,2e-05
"252",1.3186,0.5,0.14049,2.6e-05
"253",1.3186,0.6,0.148302,3.2e-05
"254",1.3186,0.7,0.156369,4e-05
"255",1.3186,0.8,0.164343,4.8e-05
"256",1.3186,0.9,0.173091,5.9e-05
"257",1.3186,1,0.181587,7e-05
"258",1.3186,1.1,0.190086,8.4e-05
"259",1.3186,1.2,0.199564,1e-04
"260",1.3186,1.3,0.208374,0.000119
"261",1.3186,1.4,0.217735,0.000139
"262",1.3186,1.5,0.227586,0.00016
"263",1.3186,1.6,0.237015,0.000186
"264",1.3186,1.7,0.2475,0.000214
"265",1.3186,1.8,0.25744,0.000248
"266",1.3186,1.9,0.267601,0.000281
"267",1.3186,2,0.278196,0.00032
"268",1.3186,2.1,0.288536,0.000359
"269",1.3186,2.2,0.299823,4e-04
"270",1.3186,2.3,0.310599,0.000442
"271",1.3186,2.4,0.321358,0.000489
"272",1.3186,2.5,0.332364,0.000541
"273",1.3186,2.6,0.343532,0.000596
"274",1.3186,2.7,0.355174,0.000653
"275",1.3186,2.8,0.366382,0.000715
"276",1.3186,2.9,0.377676,0.000775
"277",1.3186,3,0.388952,0.00083
"278",1.3186,3.1,0.40055,0.000895
"279",1.3186,3.2,0.412755,0.000952
"280",1.3186,3.3,0.423423,0.001017
"281",1.3186,3.4,0.435461,0.001088
"282",1.3186,3.5,0.446157,0.001152
"283",1.3186,3.6,0.458379,0.001211
"284",1.3186,3.7,0.469889,0.001274
"285",1.3186,3.8,0.48058,0.00133
"286",1.3186,3.9,0.493161,0.001383
"287",1.3186,4,0.501678,0.001407
"288",2.0117,0,0.103556,1.3e-05
"289",2.0117,0.1,0.110069,1.6e-05
"290",2.0117,0.2,0.116748,2.1e-05
"291",2.0117,0.3,0.123681,2.7e-05
"292",2.0117,0.4,0.130754,3.5e-05
"293",2.0117,0.5,0.138066,4.4e-05
"294",2.0117,0.6,0.145564,5.5e-05
"295",2.0117,0.7,0.153242,6.8e-05
"296",2.0117,0.8,0.161131,8.4e-05
"297",2.0117,0.9,0.169229,0.000104
"298",2.0117,1,0.177429,0.000124
"299",2.0117,1.1,0.185981,0.00015
"300",2.0117,1.2,0.194655,0.000177
"301",2.0117,1.3,0.203404,0.000211
"302",2.0117,1.4,0.212544,0.000251
"303",2.0117,1.5,0.221781,0.000291
"304",2.0117,1.6,0.2312,0.000336
"305",2.0117,1.7,0.24083,0.000389
"306",2.0117,1.8,0.250504,0.000446
"307",2.0117,1.9,0.260463,0.000512
"308",2.0117,2,0.270625,0.000581
"309",2.0117,2.1,0.28078,0.000659
"310",2.0117,2.2,0.291252,0.00074
"311",2.0117,2.3,0.301499,0.000825
"312",2.0117,2.4,0.312328,0.000919
"313",2.0117,2.5,0.322984,0.001021
"314",2.0117,2.6,0.33365,0.001118
"315",2.0117,2.7,0.344896,0.001238
"316",2.0117,2.8,0.355625,0.001353
"317",2.0117,2.9,0.366682,0.001488
"318",2.0117,3,0.377739,0.00161
"319",2.0117,3.1,0.388811,0.001732
"320",2.0117,3.2,0.400244,0.00187
"321",2.0117,3.3,0.411192,0.002021
"322",2.0117,3.4,0.422557,0.002169
"323",2.0117,3.5,0.433271,0.002299
"324",2.0117,3.6,0.444704,0.002434
"325",2.0117,3.7,0.455817,0.002579
"326",2.0117,3.8,0.46672,0.002726
"327",2.0117,3.9,0.478295,0.002821
"328",2.0117,4,0.48823,0.002877
"329",2.1171,0,0.103432,1.4e-05
"330",2.1171,0.1,0.109907,1.8e-05
"331",2.1171,0.2,0.116576,2.4e-05
"332",2.1171,0.3,0.123479,3.1e-05
"333",2.1171,0.4,0.130548,3.9e-05
"334",2.1171,0.5,0.137823,5e-05
"335",2.1171,0.6,0.145314,6.2e-05
"336",2.1171,0.7,0.15295,7.7e-05
"337",2.1171,0.8,0.160845,9.5e-05
"338",2.1171,0.9,0.168824,0.000116
"339",2.1171,1,0.177104,0.000141
"340",2.1171,1.1,0.185535,0.000169
"341",2.1171,1.2,0.194176,0.000199
"342",2.1171,1.3,0.202981,0.000236
"343",2.1171,1.4,0.212046,0.00028
"344",2.1171,1.5,0.221216,0.000322
"345",2.1171,1.6,0.230653,0.000375
"346",2.1171,1.7,0.240208,0.000432
"347",2.1171,1.8,0.249805,0.000494
"348",2.1171,1.9,0.259828,0.000566
"349",2.1171,2,0.269825,0.000647
"350",2.1171,2.1,0.280063,0.000732
"351",2.1171,2.2,0.290394,0.000822
"352",2.1171,2.3,0.300712,0.00092
"353",2.1171,2.4,0.311464,0.001018
"354",2.1171,2.5,0.322124,0.001137
"355",2.1171,2.6,0.332787,0.001249
"356",2.1171,2.7,0.343876,0.001375
"357",2.1171,2.8,0.354539,0.001502
"358",2.1171,2.9,0.36562,0.001641
"359",2.1171,3,0.376706,0.001769
"360",2.1171,3.1,0.387706,0.001904
"361",2.1171,3.2,0.398994,0.002057
"362",2.1171,3.3,0.410014,0.002206
"363",2.1171,3.4,0.421275,0.002371
"364",2.1171,3.5,0.432322,0.002514
"365",2.1171,3.6,0.443482,0.002655
"366",2.1171,3.7,0.454465,0.002807
"367",2.1171,3.8,0.465305,0.002969
"368",2.1171,3.9,0.476967,0.003084
"369",2.1171,4,0.486955,0.003141
"370",2.2349,0,0.103292,1.5e-05
"371",2.2349,0.1,0.109786,1.9e-05
"372",2.2349,0.2,0.116435,2.6e-05
"373",2.2349,0.3,0.123309,3.3e-05
"374",2.2349,0.4,0.130345,4.3e-05
"375",2.2349,0.5,0.137604,5.4e-05
"376",2.2349,0.6,0.145046,6.7e-05
"377",2.2349,0.7,0.152674,8.3e-05
"378",2.2349,0.8,0.160547,0.000102
"379",2.2349,0.9,0.168516,0.000125
"380",2.2349,1,0.176785,0.000151
"381",2.2349,1.1,0.185206,0.000181
"382",2.2349,1.2,0.193778,0.000214
"383",2.2349,1.3,0.202606,0.000255
"384",2.2349,1.4,0.211603,0.000301
"385",2.2349,1.5,0.220762,0.000348
"386",2.2349,1.6,0.230135,0.000406
"387",2.2349,1.7,0.239611,0.000466
"388",2.2349,1.8,0.249255,0.000539
"389",2.2349,1.9,0.259137,0.000612
"390",2.2349,2,0.269216,0.000695
"391",2.2349,2.1,0.27929,0.000788
"392",2.2349,2.2,0.289672,0.000886
"393",2.2349,2.3,0.30005,0.000995
"394",2.2349,2.4,0.310601,0.001103
"395",2.2349,2.5,0.321364,0.001228
"396",2.2349,2.6,0.332068,0.001347
"397",2.2349,2.7,0.343012,0.001492
"398",2.2349,2.8,0.353641,0.001633
"399",2.2349,2.9,0.364895,0.001789
"400",2.2349,3,0.375769,0.001943
"401",2.2349,3.1,0.386737,0.002093
"402",2.2349,3.2,0.397976,0.002246
"403",2.2349,3.3,0.408913,0.002404
"404",2.2349,3.4,0.420185,0.002582
"405",2.2349,3.5,0.4311,0.002748
"406",2.2349,3.6,0.442497,0.0029
"407",2.2349,3.7,0.453367,0.003079
"408",2.2349,3.8,0.464221,0.003264
"409",2.2349,3.9,0.475588,0.003387
"410",2.2349,4,0.485732,0.003455
"411",2.3684,0,0.103113,1.8e-05
"412",2.3684,0.1,0.109545,2.2e-05
"413",2.3684,0.2,0.116186,3e-05
"414",2.3684,0.3,0.123011,3.9e-05
"415",2.3684,0.4,0.130062,5e-05
"416",2.3684,0.5,0.137264,6.3e-05
"417",2.3684,0.6,0.144678,7.8e-05
"418",2.3684,0.7,0.152287,9.6e-05
"419",2.3684,0.8,0.160083,0.000118
"420",2.3684,0.9,0.168105,0.000145
"421",2.3684,1,0.176286,0.000175
"422",2.3684,1.1,0.184644,0.00021
"423",2.3684,1.2,0.193264,0.000252
"424",2.3684,1.3,0.201983,0.000301
"425",2.3684,1.4,0.210956,0.000356
"426",2.3684,1.5,0.220061,0.000413
"427",2.3684,1.6,0.229401,0.000478
"428",2.3684,1.7,0.238893,0.000554
"429",2.3684,1.8,0.248492,0.00064
"430",2.3684,1.9,0.258295,0.00074
"431",2.3684,2,0.268316,0.000837
"432",2.3684,2.1,0.278416,0.000952
"433",2.3684,2.2,0.288699,0.001068
"434",2.3684,2.3,0.299017,0.001195
"435",2.3684,2.4,0.309481,0.001326
"436",2.3684,2.5,0.320177,0.001466
"437",2.3684,2.6,0.3308,0.001621
"438",2.3684,2.7,0.341647,0.001791
"439",2.3684,2.8,0.352419,0.001954
"440",2.3684,2.9,0.363432,0.002146
"441",2.3684,3,0.374366,0.002328
"442",2.3684,3.1,0.38551,0.002512
"443",2.3684,3.2,0.396495,0.002699
"444",2.3684,3.3,0.407431,0.002894
"445",2.3684,3.4,0.418696,0.003108
"446",2.3684,3.5,0.429504,0.003303
"447",2.3684,3.6,0.440591,0.003512
"448",2.3684,3.7,0.451619,0.003718
"449",2.3684,3.8,0.462583,0.003915
"450",2.3684,3.9,0.473755,0.004074
"451",2.3684,4,0.484148,0.004159
"452",2.5225,0,0.102979,2e-05
"453",2.5225,0.1,0.109388,2.5e-05
"454",2.5225,0.2,0.11601,3.3e-05
"455",2.5225,0.3,0.122812,4.4e-05
"456",2.5225,0.4,0.129832,5.6e-05
"457",2.5225,0.5,0.137009,7.1e-05
"458",2.5225,0.6,0.144398,8.8e-05
"459",2.5225,0.7,0.151997,0.000109
"460",2.5225,0.8,0.159777,0.000133
"461",2.5225,0.9,0.167749,0.000164
"462",2.5225,1,0.175911,0.000198
"463",2.5225,1.1,0.184265,0.000236
"464",2.5225,1.2,0.192792,0.000282
"465",2.5225,1.3,0.20154,0.000338
"466",2.5225,1.4,0.210421,0.000396
"467",2.5225,1.5,0.21954,0.000462
"468",2.5225,1.6,0.228801,0.000537
"469",2.5225,1.7,0.238283,0.000621
"470",2.5225,1.8,0.247863,0.000716
"471",2.5225,1.9,0.257596,0.000816
"472",2.5225,2,0.267578,0.000933
"473",2.5225,2.1,0.277688,0.001057
"474",2.5225,2.2,0.287893,0.00118
"475",2.5225,2.3,0.29818,0.001319
"476",2.5225,2.4,0.308644,0.001462
"477",2.5225,2.5,0.319229,0.001624
"478",2.5225,2.6,0.329842,0.001783
"479",2.5225,2.7,0.34065,0.001984
"480",2.5225,2.8,0.351446,0.00217
"481",2.5225,2.9,0.362405,0.002381
"482",2.5225,3,0.373318,0.002576
"483",2.5225,3.1,0.384261,0.002775
"484",2.5225,3.2,0.395318,0.002997
"485",2.5225,3.3,0.406391,0.00321
"486",2.5225,3.4,0.417431,0.003424
"487",2.5225,3.5,0.428302,0.00365
"488",2.5225,3.6,0.439582,0.003876
"489",2.5225,3.7,0.450498,0.004091
"490",2.5225,3.8,0.461311,0.004327
"491",2.5225,3.9,0.472529,0.004491
"492",2.5225,4,0.483027,0.004577
"493",2.7049,0,0.102822,2.4e-05
"494",2.7049,0.1,0.109231,3e-05
"495",2.7049,0.2,0.115816,4e-05
"496",2.7049,0.3,0.122605,5.3e-05
"497",2.7049,0.4,0.129593,6.7e-05
"498",2.7049,0.5,0.136757,8.5e-05
"499",2.7049,0.6,0.144127,0.000105
"500",2.7049,0.7,0.151687,0.00013
"501",2.7049,0.8,0.159402,0.000161
"502",2.7049,0.9,0.16736,0.000195
"503",2.7049,1,0.175482,0.000232
"504",2.7049,1.1,0.183804,0.000276
"505",2.7049,1.2,0.192332,0.00033
"506",2.7049,1.3,0.201,0.000396
"507",2.7049,1.4,0.209906,0.000464
"508",2.7049,1.5,0.21898,0.000546
"509",2.7049,1.6,0.228152,0.000631
"510",2.7049,1.7,0.237607,0.000731
"511",2.7049,1.8,0.247155,0.000842
"512",2.7049,1.9,0.256868,0.000958
"513",2.7049,2,0.266801,0.001097
"514",2.7049,2.1,0.276761,0.001243
"515",2.7049,2.2,0.286985,0.001405
"516",2.7049,2.3,0.297268,0.001567
"517",2.7049,2.4,0.307738,0.00174
"518",2.7049,2.5,0.318194,0.00193
"519",2.7049,2.6,0.328786,0.00212
"520",2.7049,2.7,0.339589,0.002345
"521",2.7049,2.8,0.35029,0.002572
"522",2.7049,2.9,0.361206,0.002807
"523",2.7049,3,0.372136,0.003045
"524",2.7049,3.1,0.383105,0.003293
"525",2.7049,3.2,0.39406,0.003524
"526",2.7049,3.3,0.40504,0.003783
"527",2.7049,3.4,0.416241,0.004044
"528",2.7049,3.5,0.427014,0.004304
"529",2.7049,3.6,0.438121,0.004566
"530",2.7049,3.7,0.449047,0.004837
"531",2.7049,3.8,0.45992,0.005072
"532",2.7049,3.9,0.470928,0.005305
"533",2.7049,4,0.48166,0.005434
"534",2.928,0,0.102694,2.9e-05
"535",2.928,0.1,0.109079,3.6e-05
"536",2.928,0.2,0.115653,4.9e-05
"537",2.928,0.3,0.12242,6.5e-05
"538",2.928,0.4,0.129365,8.2e-05
"539",2.928,0.5,0.136512,0.000104
"540",2.928,0.6,0.143848,0.00013
"541",2.928,0.7,0.15139,0.000162
"542",2.928,0.8,0.159122,0.000199
"543",2.928,0.9,0.167011,0.000244
"544",2.928,1,0.175105,0.000291
"545",2.928,1.1,0.183411,0.000348
"546",2.928,1.2,0.19188,0.000416
"547",2.928,1.3,0.200563,0.000491
"548",2.928,1.4,0.209383,0.000574
"549",2.928,1.5,0.218441,0.000676
"550",2.928,1.6,0.227644,0.000783
"551",2.928,1.7,0.237016,9e-04
"552",2.928,1.8,0.246528,0.001035
"553",2.928,1.9,0.256205,0.001192
"554",2.928,2,0.266109,0.001352
"555",2.928,2.1,0.276032,0.001526
"556",2.928,2.2,0.286202,0.001737
"557",2.928,2.3,0.296512,0.001937
"558",2.928,2.4,0.306858,0.002138
"559",2.928,2.5,0.317362,0.002398
"560",2.928,2.6,0.327935,0.002631
"561",2.928,2.7,0.338605,0.002885
"562",2.928,2.8,0.34939,0.003191
"563",2.928,2.9,0.360191,0.003477
"564",2.928,3,0.371051,0.003797
"565",2.928,3.1,0.381963,0.004106
"566",2.928,3.2,0.392894,0.00441
"567",2.928,3.3,0.403849,0.004747
"568",2.928,3.4,0.414795,0.005078
"569",2.928,3.5,0.425831,0.005418
"570",2.928,3.6,0.436789,0.005749
"571",2.928,3.7,0.447716,0.00607
"572",2.928,3.8,0.458649,0.006406
"573",2.928,3.9,0.469514,0.006668
"574",2.928,4,0.480364,0.006829
"575",3.2157,0,0.102536,3.8e-05
"576",3.2157,0.1,0.108895,4.7e-05
"577",3.2157,0.2,0.115443,6.4e-05
"578",3.2157,0.3,0.122181,8.4e-05
"579",3.2157,0.4,0.129115,0.000106
"580",3.2157,0.5,0.136242,0.000136
"581",3.2157,0.6,0.143532,0.000171
"582",3.2157,0.7,0.15105,0.000212
"583",3.2157,0.8,0.158745,0.00026
"584",3.2157,0.9,0.166624,0.000317
"585",3.2157,1,0.174702,0.000386
"586",3.2157,1.1,0.182951,0.00046
"587",3.2157,1.2,0.191371,0.000548
"588",3.2157,1.3,0.200026,0.000653
"589",3.2157,1.4,0.20884,0.000768
"590",3.2157,1.5,0.217821,0.000899
"591",3.2157,1.6,0.226976,0.001046
"592",3.2157,1.7,0.236354,0.001206
"593",3.2157,1.8,0.245836,0.001388
"594",3.2157,1.9,0.2555,0.001589
"595",3.2157,2,0.265314,0.001816
"596",3.2157,2.1,0.275277,0.002039
"597",3.2157,2.2,0.285397,0.002318
"598",3.2157,2.3,0.295586,0.002595
"599",3.2157,2.4,0.305947,0.00289
"600",3.2157,2.5,0.316356,0.003229
"601",3.2157,2.6,0.326933,0.003545
"602",3.2157,2.7,0.337562,0.003899
"603",3.2157,2.8,0.348262,0.004272
"604",3.2157,2.9,0.359008,0.004658
"605",3.2157,3,0.369931,0.005111
"606",3.2157,3.1,0.380792,0.005489
"607",3.2157,3.2,0.391652,0.005892
"608",3.2157,3.3,0.402629,0.006341
"609",3.2157,3.4,0.413539,0.006771
"610",3.2157,3.5,0.424496,0.007256
"611",3.2157,3.6,0.43547,0.00771
"612",3.2157,3.7,0.4463,0.008109
"613",3.2157,3.8,0.457228,0.008602
"614",3.2157,3.9,0.467983,0.008938
"615",3.2157,4,0.478829,0.009157
"616",3.6212,0,0.102396,5.3e-05
"617",3.6212,0.1,0.108742,6.8e-05
"618",3.6212,0.2,0.115267,9.2e-05
"619",3.6212,0.3,0.121991,0.000119
"620",3.6212,0.4,0.128903,0.000153
"621",3.6212,0.5,0.136001,0.000194
"622",3.6212,0.6,0.14329,0.000243
"623",3.6212,0.7,0.150764,0.000299
"624",3.6212,0.8,0.158429,0.000371
"625",3.6212,0.9,0.16629,0.000452
"626",3.6212,1,0.174323,0.000548
"627",3.6212,1.1,0.182568,0.000656
"628",3.6212,1.2,0.190973,0.000781
"629",3.6212,1.3,0.199578,0.000939
"630",3.6212,1.4,0.208353,0.001097
"631",3.6212,1.5,0.217304,0.001299
"632",3.6212,1.6,0.226445,0.001511
"633",3.6212,1.7,0.235741,0.001735
"634",3.6212,1.8,0.245214,0.002011
"635",3.6212,1.9,0.25484,0.002298
"636",3.6212,2,0.264621,0.002595
"637",3.6212,2.1,0.274537,0.00293
"638",3.6212,2.2,0.284595,0.00331
"639",3.6212,2.3,0.294787,0.003732
"640",3.6212,2.4,0.3051,0.004172
"641",3.6212,2.5,0.315494,0.004608
"642",3.6212,2.6,0.326011,0.005092
"643",3.6212,2.7,0.336618,0.00561
"644",3.6212,2.8,0.347293,0.006159
"645",3.6212,2.9,0.358047,0.006749
"646",3.6212,3,0.368808,0.007336
"647",3.6212,3.1,0.379679,0.007896
"648",3.6212,3.2,0.390546,0.008497
"649",3.6212,3.3,0.40143,0.009165
"650",3.6212,3.4,0.412348,0.009831
"651",3.6212,3.5,0.423291,0.010431
"652",3.6212,3.6,0.434164,0.011129
"653",3.6212,3.7,0.445054,0.011727
"654",3.6212,3.8,0.455898,0.012416
"655",3.6212,3.9,0.466746,0.012898
"656",3.6212,4,0.477526,0.013232
"657",4.3143,0,0.102248,0.000105
"658",4.3143,0.1,0.108568,0.000129
"659",4.3143,0.2,0.115077,0.000172
"660",4.3143,0.3,0.121777,0.000224
"661",4.3143,0.4,0.128664,0.000288
"662",4.3143,0.5,0.135739,0.000366
"663",4.3143,0.6,0.143003,0.000464
"664",4.3143,0.7,0.150459,0.000569
"665",4.3143,0.8,0.158101,0.000708
"666",4.3143,0.9,0.165937,0.000853
"667",4.3143,1,0.173954,0.00104
"668",4.3143,1.1,0.182166,0.001238
"669",4.3143,1.2,0.190555,0.001479
"670",4.3143,1.3,0.199126,0.001758
"671",4.3143,1.4,0.207894,0.002075
"672",4.3143,1.5,0.216821,0.002411
"673",4.3143,1.6,0.22593,0.002822
"674",4.3143,1.7,0.235205,0.00327
"675",4.3143,1.8,0.244648,0.00376
"676",4.3143,1.9,0.254241,0.0043
"677",4.3143,2,0.264,0.004916
"678",4.3143,2.1,0.273894,0.005529
"679",4.3143,2.2,0.283924,0.006202
"680",4.3143,2.3,0.294091,0.006964
"681",4.3143,2.4,0.304372,0.007806
"682",4.3143,2.5,0.314754,0.008656
"683",4.3143,2.6,0.32524,0.009574
"684",4.3143,2.7,0.335821,0.010552
"685",4.3143,2.8,0.346473,0.011614
"686",4.3143,2.9,0.357195,0.012671
"687",4.3143,3,0.367977,0.013767
"688",4.3143,3.1,0.378789,0.014779
"689",4.3143,3.2,0.389623,0.015888
"690",4.3143,3.3,0.400505,0.017052
"691",4.3143,3.4,0.4114,0.01827
"692",4.3143,3.5,0.422277,0.019496
"693",4.3143,3.6,0.43315,0.020593
"694",4.3143,3.7,0.444025,0.021801
"695",4.3143,3.8,0.454861,0.022919
"696",4.3143,3.9,0.465649,0.023876
"697",4.3143,4,0.476429,0.024337
"698",4.4197,0,0.102239,0.000116
"699",4.4197,0.1,0.108559,0.000142
"700",4.4197,0.2,0.115068,0.00019
"701",4.4197,0.3,0.121765,0.000249
"702",4.4197,0.4,0.128653,0.000316
"703",4.4197,0.5,0.135727,0.000401
"704",4.4197,0.6,0.142991,0.000507
"705",4.4197,0.7,0.150447,0.000623
"706",4.4197,0.8,0.158087,0.00077
"707",4.4197,0.9,0.165922,0.000937
"708",4.4197,1,0.17394,0.001142
"709",4.4197,1.1,0.182146,0.001356
"710",4.4197,1.2,0.190536,0.001616
"711",4.4197,1.3,0.199108,0.001919
"712",4.4197,1.4,0.207865,0.002261
"713",4.4197,1.5,0.216795,0.002645
"714",4.4197,1.6,0.2259,0.003092
"715",4.4197,1.7,0.235171,0.003585
"716",4.4197,1.8,0.244615,0.004099
"717",4.4197,1.9,0.25421,0.004695
"718",4.4197,2,0.263955,0.005394
"719",4.4197,2.1,0.273852,0.006043
"720",4.4197,2.2,0.283885,0.006803
"721",4.4197,2.3,0.294048,0.00763
"722",4.4197,2.4,0.304326,0.008494
"723",4.4197,2.5,0.314713,0.009439
"724",4.4197,2.6,0.325197,0.010414
"725",4.4197,2.7,0.335771,0.011469
"726",4.4197,2.8,0.346422,0.012615
"727",4.4197,2.9,0.357139,0.0137
"728",4.4197,3,0.367905,0.014871
"729",4.4197,3.1,0.378727,0.016128
"730",4.4197,3.2,0.389564,0.017356
"731",4.4197,3.3,0.400435,0.018505
"732",4.4197,3.4,0.411318,0.019869
"733",4.4197,3.5,0.422206,0.021212
"734",4.4197,3.6,0.433085,0.022345
"735",4.4197,3.7,0.443942,0.023761
"736",4.4197,3.8,0.454783,0.024982
"737",4.4197,3.9,0.465572,0.025959
"738",4.4197,4,0.476332,0.026464
"739",4.5374,0,0.102222,0.000127
"740",4.5374,0.1,0.10854,0.000157
"741",4.5374,0.2,0.115047,0.000209
"742",4.5374,0.3,0.121744,0.000274
"743",4.5374,0.4,0.128627,0.000348
"744",4.5374,0.5,0.135702,0.00044
"745",4.5374,0.6,0.142968,0.000555
"746",4.5374,0.7,0.150422,0.000689
"747",4.5374,0.8,0.158062,0.000853
"748",4.5374,0.9,0.16589,0.001029
"749",4.5374,1,0.17391,0.001245
"750",4.5374,1.1,0.182114,0.001496
"751",4.5374,1.2,0.190503,0.00178
"752",4.5374,1.3,0.199071,0.002111
"753",4.5374,1.4,0.207823,0.002503
"754",4.5374,1.5,0.21675,0.002897
"755",4.5374,1.6,0.225857,0.00339
"756",4.5374,1.7,0.235125,0.003887
"757",4.5374,1.8,0.244561,0.004473
"758",4.5374,1.9,0.254151,0.005132
"759",4.5374,2,0.263896,0.005895
"760",4.5374,2.1,0.273786,0.006632
"761",4.5374,2.2,0.28382,0.007517
"762",4.5374,2.3,0.293964,0.008437
"763",4.5374,2.4,0.30424,0.009344
"764",4.5374,2.5,0.314625,0.01032
"765",4.5374,2.6,0.325097,0.011422
"766",4.5374,2.7,0.33566,0.012619
"767",4.5374,2.8,0.346295,0.013909
"768",4.5374,2.9,0.357014,0.01516
"769",4.5374,3,0.367762,0.016438
"770",4.5374,3.1,0.378574,0.017837
"771",4.5374,3.2,0.389412,0.01913
"772",4.5374,3.3,0.400266,0.020482
"773",4.5374,3.4,0.411162,0.02206
"774",4.5374,3.5,0.42203,0.023552
"775",4.5374,3.6,0.432903,0.024999
"776",4.5374,3.7,0.443756,0.026555
"777",4.5374,3.8,0.454583,0.028069
"778",4.5374,3.9,0.465375,0.029135
"779",4.5374,4,0.476121,0.029735
"780",4.671,0,0.102195,0.000152
"781",4.671,0.1,0.10851,0.000191
"782",4.671,0.2,0.115014,0.000253
"783",4.671,0.3,0.121707,0.000329
"784",4.671,0.4,0.128589,0.00042
"785",4.671,0.5,0.135658,0.000535
"786",4.671,0.6,0.142918,0.000666
"787",4.671,0.7,0.150366,0.000822
"788",4.671,0.8,0.158004,0.00102
"789",4.671,0.9,0.165828,0.00123
"790",4.671,1,0.173842,0.001501
"791",4.671,1.1,0.182042,0.00179
"792",4.671,1.2,0.190425,0.002139
"793",4.671,1.3,0.198992,0.002557
"794",4.671,1.4,0.207739,0.003006
"795",4.671,1.5,0.216668,0.003489
"796",4.671,1.6,0.225768,0.004074
"797",4.671,1.7,0.235035,0.004698
"798",4.671,1.8,0.244466,0.005441
"799",4.671,1.9,0.254058,0.00628
"800",4.671,2,0.263799,0.007128
"801",4.671,2.1,0.273686,0.007961
"802",4.671,2.2,0.283708,0.009069
"803",4.671,2.3,0.293857,0.010138
"804",4.671,2.4,0.304121,0.011348
"805",4.671,2.5,0.314495,0.012618
"806",4.671,2.6,0.324977,0.013987
"807",4.671,2.7,0.335527,0.015392
"808",4.671,2.8,0.346174,0.016923
"809",4.671,2.9,0.356872,0.018287
"810",4.671,3,0.367631,0.019861
"811",4.671,3.1,0.378422,0.021582
"812",4.671,3.2,0.389268,0.023153
"813",4.671,3.3,0.400113,0.024911
"814",4.671,3.4,0.410982,0.026758
"815",4.671,3.5,0.421847,0.028581
"816",4.671,3.6,0.432717,0.030254
"817",4.671,3.7,0.443563,0.032175
"818",4.671,3.8,0.454374,0.033867
"819",4.671,3.9,0.46517,0.035187
"820",4.671,4,0.47591,0.035984
"821",4.8251,0,0.102191,0.00017
"822",4.8251,0.1,0.108506,0.000212
"823",4.8251,0.2,0.115009,0.000283
"824",4.8251,0.3,0.121701,0.000365
"825",4.8251,0.4,0.128582,0.000465
"826",4.8251,0.5,0.135651,0.000595
"827",4.8251,0.6,0.142909,0.000741
"828",4.8251,0.7,0.150357,0.000916
"829",4.8251,0.8,0.157993,0.001135
"830",4.8251,0.9,0.165818,0.00137
"831",4.8251,1,0.173831,0.00167
"832",4.8251,1.1,0.182029,0.001986
"833",4.8251,1.2,0.190412,0.002365
"834",4.8251,1.3,0.19898,0.002844
"835",4.8251,1.4,0.207725,0.003325
"836",4.8251,1.5,0.21665,0.003863
"837",4.8251,1.6,0.225748,0.004478
"838",4.8251,1.7,0.235017,0.005177
"839",4.8251,1.8,0.244445,0.005992
"840",4.8251,1.9,0.254036,0.006905
"841",4.8251,2,0.263776,0.007832
"842",4.8251,2.1,0.273657,0.008814
"843",4.8251,2.2,0.283674,0.009898
"844",4.8251,2.3,0.293818,0.01115
"845",4.8251,2.4,0.304079,0.012465
"846",4.8251,2.5,0.314449,0.013804
"847",4.8251,2.6,0.324922,0.015218
"848",4.8251,2.7,0.33548,0.016853
"849",4.8251,2.8,0.346112,0.018584
"850",4.8251,2.9,0.356809,0.020131
"851",4.8251,3,0.367565,0.021776
"852",4.8251,3.1,0.37836,0.023607
"853",4.8251,3.2,0.389184,0.025264
"854",4.8251,3.3,0.400049,0.027331
"855",4.8251,3.4,0.410898,0.029234
"856",4.8251,3.5,0.421759,0.031202
"857",4.8251,3.6,0.432616,0.033052
"858",4.8251,3.7,0.443447,0.035079
"859",4.8251,3.8,0.454277,0.036954
"860",4.8251,3.9,0.465046,0.038375
"861",4.8251,4,0.475792,0.039129
"862",5.0075,0,0.102178,0.000201
"863",5.0075,0.1,0.108492,0.000253
"864",5.0075,0.2,0.114995,0.000337
"865",5.0075,0.3,0.121687,0.000444
"866",5.0075,0.4,0.128568,0.000563
"867",5.0075,0.5,0.135637,0.000716
"868",5.0075,0.6,0.142895,0.000887
"869",5.0075,0.7,0.150342,0.001087
"870",5.0075,0.8,0.157977,0.001355
"871",5.0075,0.9,0.165802,0.001658
"872",5.0075,1,0.173812,0.001994
"873",5.0075,1.1,0.182009,0.00239
"874",5.0075,1.2,0.190394,0.002829
"875",5.0075,1.3,0.19896,0.003411
"876",5.0075,1.4,0.207704,0.004016
"877",5.0075,1.5,0.216626,0.004623
"878",5.0075,1.6,0.225721,0.005429
"879",5.0075,1.7,0.234989,0.006275
"880",5.0075,1.8,0.244414,0.007258
"881",5.0075,1.9,0.253999,0.008307
"882",5.0075,2,0.263737,0.009522
"883",5.0075,2.1,0.273614,0.010627
"884",5.0075,2.2,0.283627,0.012004
"885",5.0075,2.3,0.293772,0.013471
"886",5.0075,2.4,0.304033,0.015076
"887",5.0075,2.5,0.314405,0.016639
"888",5.0075,2.6,0.324865,0.018425
"889",5.0075,2.7,0.335414,0.02042
"890",5.0075,2.8,0.346038,0.022463
"891",5.0075,2.9,0.356732,0.024253
"892",5.0075,3,0.367463,0.026392
"893",5.0075,3.1,0.378257,0.028519
"894",5.0075,3.2,0.389078,0.030747
"895",5.0075,3.3,0.39991,0.032942
"896",5.0075,3.4,0.410773,0.035531
"897",5.0075,3.5,0.421626,0.037889
"898",5.0075,3.6,0.432466,0.040004
"899",5.0075,3.7,0.443294,0.042648
"900",5.0075,3.8,0.454102,0.045054
"901",5.0075,3.9,0.464858,0.046824
"902",5.0075,4,0.475572,0.047916
"903",5.2306,0,0.102168,0.000244
"904",5.2306,0.1,0.108481,0.000301
"905",5.2306,0.2,0.114983,0.000402
"906",5.2306,0.3,0.121672,0.000532
"907",5.2306,0.4,0.128551,0.00067
"908",5.2306,0.5,0.135618,0.000856
"909",5.2306,0.6,0.142875,0.001068
"910",5.2306,0.7,0.15032,0.001305
"911",5.2306,0.8,0.157953,0.001619
"912",5.2306,0.9,0.165774,0.00198
"913",5.2306,1,0.173783,0.002397
"914",5.2306,1.1,0.181978,0.002854
"915",5.2306,1.2,0.190357,0.00341
"916",5.2306,1.3,0.19892,0.004052
"917",5.2306,1.4,0.207661,0.004811
"918",5.2306,1.5,0.21658,0.005556
"919",5.2306,1.6,0.22567,0.006457
"920",5.2306,1.7,0.234927,0.007483
"921",5.2306,1.8,0.244349,0.008536
"922",5.2306,1.9,0.253929,0.009771
"923",5.2306,2,0.263659,0.011211
"924",5.2306,2.1,0.273535,0.012728
"925",5.2306,2.2,0.283539,0.014221
"926",5.2306,2.3,0.293675,0.015996
"927",5.2306,2.4,0.303925,0.017842
"928",5.2306,2.5,0.314276,0.019725
"929",5.2306,2.6,0.324736,0.021819
"930",5.2306,2.7,0.335272,0.024266
"931",5.2306,2.8,0.345889,0.026619
"932",5.2306,2.9,0.356579,0.029228
"933",5.2306,3,0.367315,0.031503
"934",5.2306,3.1,0.378084,0.034074
"935",5.2306,3.2,0.388904,0.036586
"936",5.2306,3.3,0.399736,0.039493
"937",5.2306,3.4,0.410578,0.042245
"938",5.2306,3.5,0.421433,0.045246
"939",5.2306,3.6,0.432253,0.047916
"940",5.2306,3.7,0.443088,0.050788
"941",5.2306,3.8,0.453874,0.053547
"942",5.2306,3.9,0.464636,0.055813
"943",5.2306,4,0.475349,0.057214
"944",5.5183,0,0.102166,0.000327
"945",5.5183,0.1,0.108479,0.000399
"946",5.5183,0.2,0.114979,0.000534
"947",5.5183,0.3,0.121668,0.000688
"948",5.5183,0.4,0.128546,0.00089
"949",5.5183,0.5,0.135612,0.00111
"950",5.5183,0.6,0.142866,0.001405
"951",5.5183,0.7,0.150309,0.001712
"952",5.5183,0.8,0.157941,0.002127
"953",5.5183,0.9,0.16576,0.002586
"954",5.5183,1,0.173764,0.003114
"955",5.5183,1.1,0.181954,0.003729
"956",5.5183,1.2,0.190325,0.004454
"957",5.5183,1.3,0.198877,0.005303
"958",5.5183,1.4,0.207611,0.006213
"959",5.5183,1.5,0.216521,0.007292
"960",5.5183,1.6,0.225602,0.008446
"961",5.5183,1.7,0.234853,0.009757
"962",5.5183,1.8,0.244256,0.011139
"963",5.5183,1.9,0.25383,0.012812
"964",5.5183,2,0.263536,0.014647
"965",5.5183,2.1,0.273392,0.016606
"966",5.5183,2.2,0.283397,0.018676
"967",5.5183,2.3,0.293502,0.020992
"968",5.5183,2.4,0.303737,0.023396
"969",5.5183,2.5,0.314096,0.0259
"970",5.5183,2.6,0.32452,0.02847
"971",5.5183,2.7,0.33504,0.031724
"972",5.5183,2.8,0.345633,0.034834
"973",5.5183,2.9,0.356285,0.038108
"974",5.5183,3,0.366997,0.041181
"975",5.5183,3.1,0.377737,0.044744
"976",5.5183,3.2,0.388547,0.048088
"977",5.5183,3.3,0.399348,0.051541
"978",5.5183,3.4,0.410174,0.055201
"979",5.5183,3.5,0.421002,0.05864
"980",5.5183,3.6,0.431795,0.062272
"981",5.5183,3.7,0.442596,0.06583
"982",5.5183,3.8,0.453361,0.069986
"983",5.5183,3.9,0.464084,0.073089
"984",5.5183,4,0.474805,0.074772
"985",5.9237,0,0.102163,0.000477
"986",5.9237,0.1,0.108473,0.000589
"987",5.9237,0.2,0.114971,0.000794
"988",5.9237,0.3,0.121657,0.001024
"989",5.9237,0.4,0.12853,0.001313
"990",5.9237,0.5,0.135591,0.00165
"991",5.9237,0.6,0.142839,0.002047
"992",5.9237,0.7,0.150272,0.002531
"993",5.9237,0.8,0.157892,0.003101
"994",5.9237,0.9,0.165698,0.003759
"995",5.9237,1,0.17369,0.004511
"996",5.9237,1.1,0.18187,0.005388
"997",5.9237,1.2,0.190234,0.006393
"998",5.9237,1.3,0.198777,0.007631
"999",5.9237,1.4,0.207487,0.008798
"1000",5.9237,1.5,0.216378,0.010376
"1001",5.9237,1.6,0.225438,0.011908
"1002",5.9237,1.7,0.234659,0.013839
"1003",5.9237,1.8,0.244045,0.015903
"1004",5.9237,1.9,0.253585,0.018226
"1005",5.9237,2,0.263281,0.020488
"1006",5.9237,2.1,0.273113,0.02336
"1007",5.9237,2.2,0.283074,0.026209
"1008",5.9237,2.3,0.293159,0.029417
"1009",5.9237,2.4,0.303366,0.032988
"1010",5.9237,2.5,0.313675,0.036185
"1011",5.9237,2.6,0.324055,0.039801
"1012",5.9237,2.7,0.33457,0.044374
"1013",5.9237,2.8,0.345135,0.048595
"1014",5.9237,2.9,0.355774,0.052907
"1015",5.9237,3,0.366447,0.057171
"1016",5.9237,3.1,0.377165,0.061652
"1017",5.9237,3.2,0.387921,0.066874
"1018",5.9237,3.3,0.398675,0.071705
"1019",5.9237,3.4,0.409474,0.076549
"1020",5.9237,3.5,0.42025,0.08139
"1021",5.9237,3.6,0.431034,0.086659
"1022",5.9237,3.7,0.441789,0.091685
"1023",5.9237,3.8,0.452521,0.096704
"1024",5.9237,3.9,0.463217,0.100955
"1025",5.9237,4,0.473899,0.103357
"1026",6.6169,0,0.102231,0.000922
"1027",6.6169,0.1,0.108546,0.001146
"1028",6.6169,0.2,0.115047,0.001497
"1029",6.6169,0.3,0.121733,0.001927
"1030",6.6169,0.4,0.128603,0.00245
"1031",6.6169,0.5,0.13566,0.003093
"1032",6.6169,0.6,0.142897,0.003827
"1033",6.6169,0.7,0.150322,0.004714
"1034",6.6169,0.8,0.157933,0.005745
"1035",6.6169,0.9,0.165723,0.007024
"1036",6.6169,1,0.173695,0.008493
"1037",6.6169,1.1,0.18185,0.009913
"1038",6.6169,1.2,0.19018,0.011897
"1039",6.6169,1.3,0.198687,0.014153
"1040",6.6169,1.4,0.207371,0.016625
"1041",6.6169,1.5,0.216219,0.01917
"1042",6.6169,1.6,0.225234,0.022227
"1043",6.6169,1.7,0.234416,0.025591
"1044",6.6169,1.8,0.243753,0.029177
"1045",6.6169,1.9,0.253244,0.0334
"1046",6.6169,2,0.262878,0.037814
"1047",6.6169,2.1,0.272655,0.042725
"1048",6.6169,2.2,0.282555,0.048155
"1049",6.6169,2.3,0.292574,0.053845
"1050",6.6169,2.4,0.302719,0.060003
"1051",6.6169,2.5,0.312934,0.066292
"1052",6.6169,2.6,0.323292,0.072553
"1053",6.6169,2.7,0.33372,0.080904
"1054",6.6169,2.8,0.344187,0.08898
"1055",6.6169,2.9,0.354761,0.096915
"1056",6.6169,3,0.365344,0.105237
"1057",6.6169,3.1,0.375998,0.113293
"1058",6.6169,3.2,0.386684,0.122306
"1059",6.6169,3.3,0.39738,0.130785
"1060",6.6169,3.4,0.408097,0.140565
"1061",6.6169,3.5,0.418795,0.149821
"1062",6.6169,3.6,0.429474,0.158447
"1063",6.6169,3.7,0.440205,0.167566
"1064",6.6169,3.8,0.450834,0.176806
"1065",6.6169,3.9,0.461471,0.184211
"1066",6.6169,4,0.472101,0.188345
